<?xml version="1.0" encoding="UTF-8"?>
<DecviceAbility version="2.0"><BasicCapability version="2.0"><HardwareCapability><HardwareVersion>0x00</HardwareVersion><AlarmInPortNum>16</AlarmInPortNum><AlarmOutPortNum>4</AlarmOutPortNum><NetworkPortNum>1</NetworkPortNum><ResetSupport>1</ResetSupport><ZoneNum><localZoneNo min="0" max="15"/></ZoneNum><sirenNo min="1" max="1"/><TriggerNum><localTriggerNo min="0" max="3"/></TriggerNum></HardwareCapability><SoftwareCapability><SADPVersion>1</SADPVersion><MaxLoginNum>16</MaxLoginNum><NeedReboot><RestoreConfig>2</RestoreConfig><NetPortChange>1</NetPortChange></NeedReboot></SoftwareCapability></BasicCapability><UserAbility version="2.0"><userNum>16</userNum><userNameLength min="1" max="32"/><userPasswordLength min="1" max="16"/><UserNet><IPV4Address>true</IPV4Address><MACAddress>true</MACAddress></UserNet><AlarmhostPermission><netUserNo min="1" max="16"/><userPriority opt="admin,manage,operater"/><AdminPermissionType opt="zoneArm, zoneDisarm, zoneBypass,log,reboot,setConfig,getConfig,resume,siren"/><ManagerPermissionType opt="arm,disarm,bypass,log,reboot,setConfig,getConfig,siren,upgrade,alarmout"/><OperaterPermissionType opt="arm,disarm,bypass,log,setConfig,getConfig,siren,alarmout"/></AlarmhostPermission></UserAbility><AlarmHostAbility version="2.0"><keyboardNo min="1" max="8"/><operatorUserNo min="1" max="16"/><operatorPasswordLen min="2" max="5"/><operatorPassword opt="0,1,2,3,4,5,6,7,8,9"/><installerNo min="0" max="0"/><installerPasswordLen min="1" max="6"/><installerPassword opt="0,1,2,3,4,5,6,7,8,9"/><Zone><ZoneConfig><enabled>true</enabled><detectorType opt="panicButton,magneticContact,smokeDetector,activeInfraredDetector,passiveInfraredDetector,glassBreakDetector,vibrationDetector,dualTechnologyPirDetector,tripleTechnologyPirDetector,humidityDetector,temperatureDetector,combustibleGasDetector,otherDetector"/><zoneType opt="instantZone, 24hourAudibleZone,delayZone,interiorWithDelayZone,keyswitchZone, supervisedFireZone,24hourSlientZone,disable"/><sensitivity opt="10ms,250ms,500ms,750ms"/><arrayBypass>true</arrayBypass></ZoneConfig><ZoneGroupBypass><enabled>true</enabled></ZoneGroupBypass></Zone><Trigger><TriggerConfig><enabled>true</enabled><outputDelay min="0" max="5999"/></TriggerConfig><TriggerControl><enabled>true</enabled></TriggerControl></Trigger><assistantControl opt="siren"/><SirenConfig><enabled>true</enabled><outputDelay min="1" max="5999"/><nameLength min="0" max="32"/></SirenConfig><SearchMainStatus><enabled>true</enabled><mainStatusType opt="zoneAlarm, trigger, zoneBypass,subSystemArmed"/></SearchMainStatus><SearchOtherStatus><enabled>true</enabled><otherStatusType opt="siren"/></SearchOtherStatus><EnableConfig><enabled>true</enabled><enableType opt="siren"/></EnableConfig><SubSystem><subSystemNo opt="1"/><SubSystemConfig><Part1Config><enterDelayTime min="1" max="5999"/><exitDelayTime min="1" max="5999"/></Part1Config></SubSystemConfig><subSystemArmType opt="armAway"/><SubSystemDisarm><enabled>true</enabled></SubSystemDisarm><SubSystemClearAlarm><enabled>true</enabled></SubSystemClearAlarm></SubSystem><telModuleNo min="1" max="2"/><DialConfig><PhoneCenterParameter><centerPhoneNumberLength min="0" max="32"/><centerPhoneNumber opt="0,1,2,3,4,5,6,7,8,9,F"/><repeatCall min="1" max="15"/><pstnTransMode opt="DTMF 5/S,DTMF 10/S"/><receiveID opt="0,1,2,3,4,5,6,7,8,9,a,b,c,d,e,f,A,B,C,D,E,F"/><receiveIDLength min="4" max="4"/></PhoneCenterParameter><reportPeried min="1" max="168"/><firstReportTime min="1" max="3600"/><reportEnable>true</reportEnable></DialConfig><GPRSModuleNo min="1" max="2"/><WirelessNetworkConfig><NetParameter><reportProtocol opt="NAL2300"/><deviceIDLength min="6" max="6"/><deviceID opt="0,1,2,3,4,5,6,7,8,9,a,b,c,d,e,f,A,B,C,D,E,F"/></NetParameter><APNName>true</APNName><APNUserName>true</APNUserName><APNPassword>true</APNPassword><reconnectTime min="1" max="30"/><overTime min="1" max="254"/><detectLinkTime min="1" max="30"/><SIMNumberLength min="0" max="11"/></WirelessNetworkConfig><netModuleNo min="1" max="2"/><NetworkConfig><NetParameter><reportProtocol opt="NAL2300"/><deviceIDLength min="6" max="6"/><deviceID opt="0,1,2,3,4,5,6,7,8,9,a,b,c,d,e,f,A,B,C,D,E,F"/></NetParameter></NetworkConfig><centerGroupNo min="1" max="6"/><ReportModeConfig><enabled>true</enabled></ReportModeConfig><AlarmHostLog><enabled>true</enabled></AlarmHostLog><FaultAlarmUpload><enabled>true</enabled></FaultAlarmUpload></AlarmHostAbility></DecviceAbility>
