<?xml version="1.0" encoding="UTF-8"?>
<DecviceAbility version="2.0"><BasicCapability version="2.0"><HardwareCapability><HardwareVersion>0x0</HardwareVersion><AlarmInPortNum>8</AlarmInPortNum><AlarmOutPortNum>8</AlarmOutPortNum><RS232Num>1</RS232Num><RS485Num>1</RS485Num><NetworkPortNum>1</NetworkPortNum><FlashSize>16</FlashSize><RamSize>128</RamSize><VideoOutNum>6</VideoOutNum><AudioOutNum>6</AudioOutNum><AudioTalkNum>1</AudioTalkNum><VideoOutSupport>1</VideoOutSupport><VGANumber>2</VGANumber><CVBSNumber>4</CVBSNumber></HardwareCapability><SoftwareCapability><NtpSupport>1</NtpSupport><PtzSupport>1</PtzSupport><DDNSSupport>1</DDNSSupport><DDNSHostType>0,1,2,3</DDNSHostType><SADPVersion>0,1</SADPVersion><MaxLoginNum>128</MaxLoginNum><RS232Config>1</RS232Config><NotSupportDiskQuota>1</NotSupportDiskQuota><NotSupportLogSearch>1</NotSupportLogSearch><NeedReboot><ImportConfigurationFileReboot>1</ImportConfigurationFileReboot><RestoreConfig>2</RestoreConfig><RS232workModeChange>1</RS232workModeChange><DhcpEnableChange>1</DhcpEnableChange></NeedReboot></SoftwareCapability></BasicCapability><SerialAbility version="2.0"><RS232><RS232Num>1</RS232Num><RS232Entry><baudRate opt="50,75,110,150,300,600,1200,2400,4800,9600,19200,38400,57600,115.2k"/><dataBit opt="5,6,7,8"/><stopBit opt="1,2"/><parity opt="none,odd,even"/><flowcontrol opt="none,hard,soft"/><workMode opt="console,transparentChan"/></RS232Entry></RS232><RS485><RS485Num>1</RS485Num><RS485Entry><baudRate opt="50,75,110,150,300,600,1200,2400,4800,9600,19200,38400,57600,115.2k"/><dataBit opt="5,6,7,8"/><stopBit opt="1,2"/><parity opt="none,odd,even"/><flowcontrol opt="none,hard,soft"/><decoderAddress min="0" max="255"/></RS485Entry></RS485></SerialAbility><UserAbility version="2.0"><userNum>32</userNum><userNameLength min="1" max="32"/><userPasswordLength min="1" max="16"/><RemotePermission><permissionType opt="preview,voiceTalk,alarmOutOrUpload,transParentChannel,PTZControl,playback,parameterConfig,logOrStateCheck,restartOrShutdown,upgrade"/></RemotePermission><UserNet><IPV4Address>true</IPV4Address><MACAddress>true</MACAddress></UserNet></UserAbility><NetAppAbility version="2.0"><NTP><intervalUnit>minute</intervalUnit></NTP><Net><NetworkInterface><networkInterfaceNum>1</networkInterfaceNum><NetworkInterfaceEntry><id>1</id><type opt="10Mbase-T,10MBase-T-full,100MBase-TX,100M-full,10M/100M/1000M-adapt,1000M-full"/><MTU min="500" max="1500"/></NetworkInterfaceEntry></NetworkInterface></Net></NetAppAbility><DecoderAbility version="2.0"><DecodeResource><decodeChanNo min="1" max="8"/><dspNum>2</dspNum><DecodeResourceEntry><id>1</id><decodeResolution>CIF</decodeResolution><validDecodeChanNum>8</validDecodeChanNum><DecodeChanSelectEntry><decodeChanRange min="1" max="8"/><validRangeChanNum>8</validRangeChanNum></DecodeChanSelectEntry></DecodeResourceEntry><DecodeResourceEntry><id>2</id><decodeResolution>4CIF</decodeResolution><validDecodeChanNum>4</validDecodeChanNum><DecodeChanSelectEntry><decodeChanRange min="1" max="4"/><validRangeChanNum>2</validRangeChanNum></DecodeChanSelectEntry><DecodeChanSelectEntry><decodeChanRange min="5" max="8"/><validRangeChanNum>2</validRangeChanNum></DecodeChanSelectEntry></DecodeResourceEntry><DecodeResourceEntry><id>3</id><decodeResolution>720P</decodeResolution><validDecodeChanNum>2</validDecodeChanNum><DecodeChanSelectEntry><decodeChanRange min="1" max="4"/><validRangeChanNum>1</validRangeChanNum></DecodeChanSelectEntry><DecodeChanSelectEntry><decodeChanRange min="5" max="8"/><validRangeChanNum>1</validRangeChanNum><index>6</index></DecodeChanSelectEntry><VoutResolutionEntry><resolutionName>6</resolutionName><index>1</index></VoutResolutionEntry><VoutResolutionEntry><resolutionName>bnc</resolutionName><index min="9" max="12"/></VoutResolutionEntry><VoutResolutionEntry><resolutionName>true</resolutionName><index>bnc1</index></VoutResolutionEntry><VoutResolutionEntry><resolutionName>9</resolutionName><index opt="1,2,4"/></VoutResolutionEntry><VoutChanDisplayEntry><voutName min="1" max="4"/><voutID>bnc2</voutID><displayWindowMode>10</displayWindowMode><relatedDecodeChan opt="1,2,4"/></VoutChanDisplayEntry><VoutChanDisplayEntry><voutName min="1" max="4"/><voutID>bnc3</voutID><displayWindowMode>11</displayWindowMode><relatedDecodeChan opt="1,2,4"/></VoutChanDisplayEntry><VoutChanDisplayEntry><voutName min="5" max="8"/><voutID>bnc4</voutID><displayWindowMode>12</displayWindowMode><relatedDecodeChan opt="1,2,4"/></VoutChanDisplayEntry><VoutChanDisplayEntry><voutName min="5" max="8"/><relatedDecodeChan>2</relatedDecodeChan></VoutChanDisplayEntry><VoutChanDisplayEntry><voutName>vga</voutName><voutID min="1" max="2"/><displayWindowMode>true</displayWindowMode><relatedDecodeChan>NOT_AVALIABLE</relatedDecodeChan></VoutChanDisplayEntry><VoutChanDisplayEntry><voutName>0</voutName><voutID>XGA_60HZ(1024*768)</voutID><displayWindowMode>3</displayWindowMode><relatedDecodeChan>SXGA_60HZ(1280*1024)</relatedDecodeChan></VoutChanDisplayEntry><VoutChanDisplayEntry><voutName>5</voutName><voutID>720P_60HZ(1280*720)</voutID><displayWindowMode>6</displayWindowMode><relatedDecodeChan>vga1</relatedDecodeChan></VoutChanDisplayEntry></DecodeResourceEntry><VoutResourceEntry><id>1</id><voutType opt="1,2,4,9"/><voutNo min="1" max="8"/><Audio><enabled>vga2</enabled></Audio><VoutResolutionEntry><resolutionName>2</resolutionName><index opt="1,2,4"/></VoutResolutionEntry><VoutResolutionEntry><resolutionName min="5" max="8"/></VoutResolutionEntry></VoutResourceEntry></DecodeResource></DecoderAbility><PTZAbility version="2.0"><channelNO>1</channelNO><PTZControl><controlType opt="light,wiper,fan,heater,aux1,aux2,zoomIn,zoomOut,focusNear,focusFar,irisOpen,irisClose,ttiltUp,tiltDown,panLeft,panRight,upLeft,upRight,downLeft,downRight,panAuto,panCircle"/></PTZControl><Patrol><patrolNum min="1" max="16"/><presetNum min="1" max="255"/><dwellTime min="1" max="255"/><speed min="1" max="255"/></Patrol><Preset><presetNum min="1" max="255"/></Preset><PTZZoomIn><enabled>true</enabled></PTZZoomIn><Pattern><operateType opt="recordStart,recordStop,run"/><patternID min="1" max="1"/></Pattern></PTZAbility><VideoPlatformAbility version="2.0"><codeSubSystemNum opt="decodeChan"/><decodeSubSystemNum opt="1,2,3,4,5"/></VideoPlatformAbility></DecviceAbility>
