<?xml version="1.0" encoding="UTF-8"?>
<DecviceAbility version="2.0"><BasicCapability version="2.0"><HardwareCapability><HardwareVersion>0x0</HardwareVersion><AlarmInPortNum>4</AlarmInPortNum><AlarmOutPortNum>4</AlarmOutPortNum><RS232Num>1</RS232Num><RS485Num>1</RS485Num><NetworkPortNum>1</NetworkPortNum><FlashSize>512</FlashSize><RamSize>1024</RamSize><VideoOutNum>3</VideoOutNum><AudioOutNum>1</AudioOutNum><AudioTalkNum>1</AudioTalkNum><VideoOutSupport>1</VideoOutSupport><VGANumber>1</VGANumber><HDMINumber>1</HDMINumber><CVBSNumber>1</CVBSNumber></HardwareCapability><SoftwareCapability><NtpSupport>1</NtpSupport><PtzSupport>1</PtzSupport><DDNSSupport>1</DDNSSupport><DDNSHostType>0,1,2,3</DDNSHostType><SADPVersion>0,1</SADPVersion><MaxLoginNum>128</MaxLoginNum><RS232Config>1</RS232Config><NotSupportDiskQuota>1</NotSupportDiskQuota><NeedReboot><ImportConfigurationFileReboot>1</ImportConfigurationFileReboot><RestoreConfig>2</RestoreConfig><RS232workModeChange>1</RS232workModeChange><DhcpEnableChange>1</DhcpEnableChange></NeedReboot></SoftwareCapability></BasicCapability><SerialAbility version="2.0"><RS232><RS232Num>1</RS232Num><RS232Entry><baudRate opt="50,75,110,150,300,600,1200,2400,4800,9600,19200,38400,57600,115.2k"/><dataBit opt="5,6,7,8"/><stopBit opt="1,2"/><parity opt="none,odd,even"/><flowcontrol opt="none,hard,soft"/><workMode opt="console,transparentChan"/></RS232Entry></RS232><RS485><RS485Num>1</RS485Num><RS485Entry><baudRate opt="50,75,110,150,300,600,1200,2400,4800,9600,19200,38400,57600,115.2k"/><dataBit opt="5,6,7,8"/><stopBit opt="1,2"/><parity opt="none,odd,even"/><flowcontrol opt="none,hard,soft"/><decoderAddress min="0" max="255"/></RS485Entry></RS485></SerialAbility><UserAbility version="2.0"><userNum>32</userNum><userNameLength min="1" max="32"/><userPasswordLength min="1" max="16"/><RemotePermission><permissionType opt="preview,voiceTalk,alarmOutOrUpload,transParentChannel,PTZControl,playback,parameterConfig,logOrStateCheck,restartOrShutdown,upgrade"/></RemotePermission><UserNet><IPV4Address>true</IPV4Address><MACAddress>true</MACAddress></UserNet></UserAbility><NetAppAbility version="2.0"><NTP><intervalUnit>minute</intervalUnit></NTP><Net><NetworkInterface><networkInterfaceNum>1</networkInterfaceNum><NetworkInterfaceEntry><id>1</id><type opt="10Mbase-T,10MBase-T-full,100MBase-TX,100M-full,10M/100M/1000M-adapt,1000M-full"/><MTU min="500" max="1500"/></NetworkInterfaceEntry></NetworkInterface></Net></NetAppAbility><DecoderAbility version="2.0"><DecodeResource><decodeChanNo min="1" max="4"/><dspNum>1</dspNum><DecodeResourceEntry><id>1</id><decodeResolution>CIF</decodeResolution><validDecodeChanNum>4</validDecodeChanNum><DecodeChanSelectEntry><decodeChanRange min="1" max="4"/><validRangeChanNum>4</validRangeChanNum></DecodeChanSelectEntry></DecodeResourceEntry><DecodeResourceEntry><id>2</id><decodeResolution>4CIF</decodeResolution><validDecodeChanNum>4</validDecodeChanNum><DecodeChanSelectEntry><decodeChanRange min="1" max="4"/><validRangeChanNum>4</validRangeChanNum></DecodeChanSelectEntry></DecodeResourceEntry><DecodeResourceEntry><id>3</id><decodeResolution>720P</decodeResolution><validDecodeChanNum>2</validDecodeChanNum><DecodeChanSelectEntry><decodeChanRange min="1" max="4"/><validRangeChanNum>2</validRangeChanNum></DecodeChanSelectEntry></DecodeResourceEntry><DecodeResourceEntry><id>4</id><decodeResolution>1080P</decodeResolution><validDecodeChanNum>1</validDecodeChanNum><DecodeChanSelectEntry><decodeChanRange min="1" max="4"/><validRangeChanNum>1</validRangeChanNum></DecodeChanSelectEntry></DecodeResourceEntry></DecodeResource><VoutResource><videoOutNum>5</videoOutNum><audioOutNum>500W</audioOutNum><VoutResourceEntry><id>1</id><voutType min="1" max="4"/><voutNo>1<index>3</index></voutNo><VoutResolutionEntry><resolutionName>1</resolutionName><index>1</index></VoutResolutionEntry><VoutResolutionEntry><resolutionName>bnc</resolutionName><index min="17" max="17"/><index>bnc1</index></VoutResolutionEntry><VoutResolutionEntry><resolutionName>17</resolutionName><index opt="1,4"/></VoutResolutionEntry><VoutChanDisplayEntry><voutName min="1" max="4"/><relatedDecodeChan>2</relatedDecodeChan></VoutChanDisplayEntry><VoutChanDisplayEntry><voutName>vga</voutName><voutID min="1" max="1"/><displayWindowMode>true</displayWindowMode><relatedDecodeChan>NOT_AVALIABLE</relatedDecodeChan></VoutChanDisplayEntry><VoutChanDisplayEntry><voutName>0</voutName><voutID>XGA_60HZ(1024*768)</voutID><displayWindowMode>67207228</displayWindowMode><relatedDecodeChan>SXGA_60HZ(1280*1024)</relatedDecodeChan></VoutChanDisplayEntry><VoutChanDisplayEntry><voutName>84017212</voutName><voutID>720P_60HZ(1280*720)</voutID><displayWindowMode>83978300</displayWindowMode><relatedDecodeChan>720P_50HZ(1280*720)</relatedDecodeChan></VoutChanDisplayEntry><VoutChanDisplayEntry><voutName>83978290</voutName><voutID>1080P_60HZ(1280*1080)</voutID><displayWindowMode>125967420</displayWindowMode><relatedDecodeChan>1080P_50HZ(1280*1080)</relatedDecodeChan></VoutChanDisplayEntry><VoutChanDisplayEntry><voutName>125967410</voutName><voutID>UXGA_60HZ(1600*1200)</voutID><displayWindowMode>105011260</displayWindowMode><relatedDecodeChan>vga1</relatedDecodeChan></VoutChanDisplayEntry></VoutResourceEntry><VoutResourceEntry><id>1</id><voutType opt="1,4"/><voutNo min="1" max="4"><voutID>3</voutID><displayWindowMode>hdmi</displayWindowMode><relatedDecodeChan min="49" max="49"/></voutNo><VoutChanDisplayEntry><voutName>true</voutName><voutID>NOT_AVALIABLE</voutID><displayWindowMode>0</displayWindowMode><relatedDecodeChan>XGA_60HZ(1024*768)</relatedDecodeChan></VoutChanDisplayEntry><VoutChanDisplayEntry><voutName>67207228</voutName><voutID>SXGA_60HZ(1280*1024)</voutID><displayWindowMode>84017212</displayWindowMode><relatedDecodeChan>720P_60HZ(1280*720)</relatedDecodeChan></VoutChanDisplayEntry><VoutChanDisplayEntry><voutName>83978300</voutName><voutID>720P_50HZ(1280*720)</voutID><displayWindowMode>83978290</displayWindowMode><relatedDecodeChan>1080P_60HZ(1920*1080)</relatedDecodeChan></VoutChanDisplayEntry><VoutChanDisplayEntry><voutName>125967420</voutName><voutID>1080P_50HZ(1920*1080)</voutID><displayWindowMode>125967410</displayWindowMode><relatedDecodeChan>UXGA_60HZ(1600*1200)</relatedDecodeChan></VoutChanDisplayEntry></VoutResourceEntry><VoutResourceEntry><id>105011260</id><voutType>hdmi1</voutType><voutNo>49</voutNo><Audio><enabled opt="1,4"/></Audio><VoutResolutionEntry><resolutionName min="1" max="4"/></VoutResolutionEntry></VoutResourceEntry><voutNo>2</voutNo><VoutResolutionEntry><resolutionName opt="vga1,hdmi1"/><index>1</index></VoutResolutionEntry><VoutResolutionEntry><resolutionName opt="bnc1"/><index>1</index></VoutResolutionEntry></VoutResource></DecoderAbility><PTZAbility version="2.0"><channelNO>1</channelNO><PTZControl><controlType opt="light,wiper,fan,heater,aux1,aux2,zoomIn,zoomOut,focusNear,focusFar,irisOpen,irisClose,ttiltUp,tiltDown,panLeft,panRight,upLeft,upRight,downLeft,downRight,panAuto,panCircle"/></PTZControl><Patrol><patrolNum min="1" max="16"/><presetNum min="1" max="255"/><dwellTime min="1" max="255"/><speed min="1" max="255"/></Patrol><Preset><presetNum min="1" max="255"/></Preset><PTZZoomIn><enabled>true</enabled></PTZZoomIn><Pattern><operateType opt="recordStart,recordStop,run"/><patternID min="1" max="1"/></Pattern></PTZAbility><VideoPlatformAbility version="2.0"><codeSubSystemNum opt="decodeChan"/><decodeSubSystemNum opt="1,2,3,4,5"/></VideoPlatformAbility></DecviceAbility>
