<?xml version="1.0" encoding="UTF-8"?>
<DecviceAbility version="2.0"><BasicCapability version="2.0"><HardwareCapability><HardwareVersion>0x0</HardwareVersion><AlarmInPortNum>4</AlarmInPortNum><AlarmOutPortNum>2</AlarmOutPortNum><RS232Num>1</RS232Num><RS485Num>1</RS485Num><NetworkPortNum>1</NetworkPortNum><FlashSize>0</FlashSize><RamSize>256</RamSize><VideoOutNum>4</VideoOutNum><AudioOutNum>1</AudioOutNum><AudioTalkNum>1</AudioTalkNum><VideoOutSupport>1</VideoOutSupport><ResetSupport>1</ResetSupport><VGANumber>1</VGANumber><HDMINumber>1</HDMINumber><CVBSNumber>1</CVBSNumber></HardwareCapability><SoftwareCapability><NtpSupport>1</NtpSupport><PtzSupport>1</PtzSupport><DDNSSupport>1</DDNSSupport><DDNSHostType>0,1,2,3</DDNSHostType><SADPVersion>0,1</SADPVersion><MaxLoginNum>128</MaxLoginNum><RS232Config>1</RS232Config><NotSupportDiskQuota>1</NotSupportDiskQuota><NotSupportLogSearch>1</NotSupportLogSearch><NeedReboot><ImportConfigurationFileReboot>1</ImportConfigurationFileReboot><RestoreConfig>2</RestoreConfig><RS232workModeChange>1</RS232workModeChange><DhcpEnableChange>1</DhcpEnableChange></NeedReboot></SoftwareCapability></BasicCapability><SerialAbility version="2.0"><RS232><RS232Num>1</RS232Num><RS232Entry><baudRate opt="50,75,110,150,300,600,1200,2400,4800,9600,19200,38400,57600,115.2k"/><dataBit opt="5,6,7,8"/><stopBit opt="1,2"/><parity opt="none,odd,even"/><flowcontrol opt="none,hard,soft"/><workMode opt="console,transparentChan"/></RS232Entry></RS232><RS485><RS485Num>1</RS485Num><RS485Entry><baudRate opt="50,75,110,150,300,600,1200,2400,4800,9600,19200,38400,57600,115.2k"/><dataBit opt="5,6,7,8"/><stopBit opt="1,2"/><parity opt="none,odd,even"/><flowcontrol opt="none,hard,soft"/><decoderAddress min="0" max="255"/></RS485Entry></RS485></SerialAbility><UserAbility version="2.0"><userNum>32</userNum><userNameLength min="1" max="32"/><userPasswordLength min="1" max="16"/><RemotePermission><permissionType opt="preview,voiceTalk,alarmOutOrUpload,transParentChannel,PTZControl,playback,parameterConfig,logOrStateCheck,restartOrShutdown,upgrade"/></RemotePermission><UserNet><IPV4Address>true</IPV4Address><MACAddress>true</MACAddress></UserNet></UserAbility><NetAppAbility version="2.0"><NTP><intervalUnit>minute</intervalUnit></NTP><Net><NetworkInterface><networkInterfaceNum>1</networkInterfaceNum><NetworkInterfaceEntry><id>1</id><type opt="10Mbase-T,10MBase-T-full,100MBase-TX,100M-full,10M/100M/1000M-adapt,1000M-full"/><MTU min="500" max="1500"/></NetworkInterfaceEntry></NetworkInterface></Net></NetAppAbility><DecoderAbility version="2.0"><DecodeResource><decodeChanNo min="1" max="4"/><dspNum>1</dspNum><DecodeResourceEntry><id>1</id><decodeResolution>CIF</decodeResolution><validDecodeChanNum>4</validDecodeChanNum><DecodeChanSelectEntry><decodeChanRange min="1" max="4"/><validRangeChanNum>4</validRangeChanNum></DecodeChanSelectEntry></DecodeResourceEntry><DecodeResourceEntry><id>2</id><decodeResolution>4CIF</decodeResolution><validDecodeChanNum>4</validDecodeChanNum><DecodeChanSelectEntry><decodeChanRange min="1" max="4"/><validRangeChanNum>4</validRangeChanNum></DecodeChanSelectEntry></DecodeResourceEntry><DecodeResourceEntry><id>3</id><decodeResolution>720P</decodeResolution><validDecodeChanNum>2</validDecodeChanNum><DecodeChanSelectEntry><decodeChanRange min="1" max="4"/><validRangeChanNum>2</validRangeChanNum></DecodeChanSelectEntry></DecodeResourceEntry><DecodeResourceEntry><id>4</id><decodeResolution>1080P</decodeResolution><validDecodeChanNum>1</validDecodeChanNum><DecodeChanSelectEntry><decodeChanRange min="1" max="4"/><validRangeChanNum>1</validRangeChanNum><index>4</index></DecodeChanSelectEntry><VoutResolutionEntry><resolutionName>1</resolutionName><index>1</index></VoutResolutionEntry><VoutResolutionEntry><resolutionName>bnc</resolutionName><index min="9" max="9"/></VoutResolutionEntry><VoutResolutionEntry><resolutionName>true</resolutionName><index>bnc1</index></VoutResolutionEntry><VoutResolutionEntry><resolutionName>9</resolutionName><index opt="1,2,4"/></VoutResolutionEntry><VoutChanDisplayEntry><voutName min="1" max="4"/><relatedDecodeChan>2</relatedDecodeChan></VoutChanDisplayEntry><VoutChanDisplayEntry><voutName>vga</voutName><voutID min="1" max="1"/><displayWindowMode>true</displayWindowMode><relatedDecodeChan>NOT_AVALIABLE</relatedDecodeChan></VoutChanDisplayEntry><VoutChanDisplayEntry><voutName>0</voutName><voutID>XGA_60HZ(1024*768)</voutID><displayWindowMode>3</displayWindowMode><relatedDecodeChan>SXGA_60HZ(1280*1024)</relatedDecodeChan></VoutChanDisplayEntry><VoutChanDisplayEntry><voutName>5</voutName><voutID>720P_60HZ(1280*720)</voutID><displayWindowMode>6</displayWindowMode><relatedDecodeChan>vga1</relatedDecodeChan></VoutChanDisplayEntry></DecodeResourceEntry><VoutResourceEntry><id>1</id><voutType opt="1,2,4"/><voutNo min="1" max="4"><voutID>3</voutID><displayWindowMode>hdmi</displayWindowMode><relatedDecodeChan min="25" max="25"/></voutNo><VoutChanDisplayEntry><voutName>true</voutName><voutID>NOT_AVALIABLE</voutID><displayWindowMode>0</displayWindowMode><relatedDecodeChan>XGA_60HZ(1024*768)</relatedDecodeChan></VoutChanDisplayEntry><VoutChanDisplayEntry><voutName>10</voutName><voutID>SXGA_60HZ(1280*1024)</voutID><displayWindowMode>11</displayWindowMode><relatedDecodeChan>720P_60HZ(1280*720)</relatedDecodeChan></VoutChanDisplayEntry><VoutChanDisplayEntry><voutName>13</voutName><voutID>720P_50HZ(1280*720)</voutID><displayWindowMode>14</displayWindowMode><relatedDecodeChan>1080I_60HZ(1920*1080)</relatedDecodeChan></VoutChanDisplayEntry><VoutChanDisplayEntry><voutName>15</voutName><voutID>1080I_50HZ(1920*1080)</voutID><displayWindowMode>16</displayWindowMode><relatedDecodeChan>1080P_60HZ(1920*1080)</relatedDecodeChan></VoutChanDisplayEntry><VoutChanDisplayEntry><voutName>20</voutName><voutID>1080P_50HZ(1920*1080)</voutID><displayWindowMode>19</displayWindowMode><relatedDecodeChan>UXGA_60HZ(1600*1200)</relatedDecodeChan></VoutChanDisplayEntry></VoutResourceEntry><VoutResourceEntry><id>21</id><voutType>hdmi1</voutType><voutNo>25</voutNo><Audio><enabled opt="1,2,4"/></Audio><VoutResolutionEntry><resolutionName min="1" max="4"/></VoutResolutionEntry></VoutResourceEntry><voutDisplayChanEntry><voutDisplayChanType>4</voutDisplayChanType><validChanNum>dvi</validChanNum></voutDisplayChanEntry><voutDisplayChanEntry><voutDisplayChanType min="29" max="29"/><validChanNum>true</validChanNum></voutDisplayChanEntry><voutDisplayChanEntry><voutDisplayChanType>NOT_AVALIABLE</voutDisplayChanType><validChanNum>0</validChanNum></voutDisplayChanEntry><voutDisplayChanEntry><voutDisplayChanType>XGA_60HZ(1024*768)</voutDisplayChanType><validChanNum>22</validChanNum></voutDisplayChanEntry><voutDisplayChanEntry><voutDisplayChanType>SXGA_60HZ(1280*1024)</voutDisplayChanType><validChanNum>23</validChanNum></voutDisplayChanEntry><voutDisplayChanEntry><voutDisplayChanType>720P_60HZ(1280*720)</voutDisplayChanType><validChanNum>25</validChanNum></voutDisplayChanEntry></DecodeResource><uploadLogoMode>720P_50HZ(1280*720)</uploadLogoMode><decodeDelay>26</decodeDelay></DecoderAbility><AlarmHostAbility version="2.0"><keyboardNo>1080P_60HZ(1920*1080)</keyboardNo><operatorUserNo>32</operatorUserNo><operatorPasswordLen>32</operatorPasswordLen><operatorPassword>32</operatorPassword><installerNo>1080P_50HZ(1920*1080)</installerNo><installerPasswordLen>32</installerPasswordLen><installerPassword>32</installerPassword><Zone><ZoneConfig><enabled>31</enabled><delayInParam>31</delayInParam><detectorType>31</detectorType><zoneType>31</zoneType><sensitivity>31</sensitivity><arrayBypass>31</arrayBypass></ZoneConfig><GetZoneList><enabled>31</enabled></GetZoneList><ZoneArmDisarm><enabled>31</enabled></ZoneArmDisarm><ZoneGroupBypass><enabled>31</enabled></ZoneGroupBypass></Zone><Trigger><TriggerConfig><enabled>31</enabled><outputDelay>31</outputDelay></TriggerConfig><TriggerControl><enabled>31</enabled></TriggerControl><GetTriggerList><enabled>31</enabled></GetTriggerList></Trigger><AutoRegisterExternalModule><enabled>31</enabled></AutoRegisterExternalModule><AutoSearchExternalModule><enabled>31</enabled></AutoSearchExternalModule><moduleNo>31</moduleNo><ModuleConfig><enabled>31</enabled></ModuleConfig><assistantControl>31</assistantControl><GatewayConfig><enabled>31</enabled><delayTime>31</delayTime></GatewayConfig><SirenConfig><enabled>31</enabled><outputDelay>31</outputDelay></SirenConfig><SearchMainStatus><enabled>31</enabled><mainStatusType>31</mainStatusType></SearchMainStatus><SearchOtherStatus><enabled>31</enabled><otherStatusType>31</otherStatusType></SearchOtherStatus><EnableConfig><enabled>31</enabled><enableType>31</enableType><serialPurpose>31</serialPurpose></EnableConfig><TransparencySerial><enabled>UXGA_60HZ(1600*1200)</enabled></TransparencySerial><Get485DeviceList><enabled>UXGA_60HZ(1600*1200)</enabled></Get485DeviceList><Get485DeviceProtocolList><enabled>33</enabled></Get485DeviceProtocolList></AlarmHostAbility><ScreenControlAbility version="2.0"><layOutNo>1080I_50HZ(1920*1080)</layOutNo><windowNo>28</windowNo><windowLayerNo>1080P_60HZ(1920*1080)</windowLayerNo><baseMapSpan>32</baseMapSpan><overlayStringNum>1080P_50HZ(1920*1080)</overlayStringNum><inputStreamNo>31</inputStreamNo><maxOutputChanNo>UXGA_60HZ(1600*1200)</maxOutputChanNo><outputChanNo>33</outputChanNo><planNo>dvi1</planNo><Playback><enabled>29</enabled></Playback><VoutResourceEntry><id opt="1,2,4"/><voutType min="1" max="4"/><voutNo>1</voutNo><VoutResolutionEntry><resolutionName opt="vga1,bnc1,hdmi1,dvi1"/><index>1</index></VoutResolutionEntry></VoutResourceEntry></ScreenControlAbility><PTZAbility version="2.0"><channelNO>1</channelNO><PTZControl><controlType opt="light,wiper,fan,heater,aux1,aux2,zoomIn,zoomOut,focusNear,focusFar,irisOpen,irisClose,ttiltUp,tiltDown,panLeft,panRight,upLeft,upRight,downLeft,downRight,panAuto,panCircle"/></PTZControl><Patrol><patrolNum min="1" max="16"/><presetNum min="1" max="255"/><dwellTime min="1" max="255"/><speed min="1" max="255"/></Patrol><Preset><presetNum min="1" max="255"/></Preset><PTZZoomIn><enabled>true</enabled></PTZZoomIn><Pattern><operateType opt="recordStart,recordStop,run"/><patternID min="1" max="1"/></Pattern></PTZAbility><VideoPlatformAbility version="2.0"><codeSubSystemNum opt="decodeChan"/><decodeSubSystemNum opt="1,2,3,4,5"/></VideoPlatformAbility></DecviceAbility>
