<?xml version="1.0" encoding="UTF-8"?>
<DecviceAbility version="2.0"><BasicCapability version="2.0"><HardwareCapability><HardwareVersion>0x0</HardwareVersion><AlarmInPortNum>4</AlarmInPortNum><AlarmOutPortNum>4</AlarmOutPortNum><RS232Num>1</RS232Num><RS485Num>1</RS485Num><NetworkPortNum>1</NetworkPortNum><FlashSize>512</FlashSize><RamSize>1024</RamSize><VideoOutNum>16</VideoOutNum><AudioOutNum>8</AudioOutNum><AudioTalkNum>1</AudioTalkNum><VideoOutSupport>1</VideoOutSupport><VGANumber>8</VGANumber><HDMINumber>8</HDMINumber></HardwareCapability><SoftwareCapability><NtpSupport>1</NtpSupport><PtzSupport>1</PtzSupport><DDNSSupport>1</DDNSSupport><DDNSHostType>0,1,2,3,4</DDNSHostType><SADPVersion>0,1</SADPVersion><MaxLoginNum>128</MaxLoginNum><RS232Config>1</RS232Config><NotSupportDiskQuota>1</NotSupportDiskQuota><NeedReboot><ImportConfigurationFileReboot>1</ImportConfigurationFileReboot><RestoreConfig>2</RestoreConfig><RS232workModeChange>1</RS232workModeChange><DhcpEnableChange>1</DhcpEnableChange></NeedReboot></SoftwareCapability></BasicCapability><SerialAbility version="2.0"><RS232><RS232Num>1</RS232Num><RS232Entry><baudRate opt="50,75,110,150,300,600,1200,2400,4800,9600,19200,38400,57600,115.2k"/><dataBit opt="5,6,7,8"/><stopBit opt="1,2"/><parity opt="none,odd,even"/><flowcontrol opt="none,hard,soft"/><workMode opt="console,transparentChan"/></RS232Entry></RS232><RS485><RS485Num>1</RS485Num><RS485Entry><baudRate opt="50,75,110,150,300,600,1200,2400,4800,9600,19200,38400,57600,115.2k"/><dataBit opt="5,6,7,8"/><stopBit opt="1,2"/><parity opt="none,odd,even"/><flowcontrol opt="none,hard,soft"/><decoderAddress min="0" max="255"/></RS485Entry></RS485></SerialAbility><UserAbility version="2.0"><userNum>32</userNum><userNameLength min="1" max="32"/><userPasswordLength min="1" max="16"/><RemotePermission><permissionType opt="preview,voiceTalk,alarmOutOrUpload,transParentChannel,PTZControl,playback,parameterConfig,logOrStateCheck,restartOrShutdown,upgrade"/></RemotePermission><UserNet><IPV4Address>true</IPV4Address><MACAddress>true</MACAddress></UserNet></UserAbility><NetAppAbility version="2.0"><NTP><intervalUnit>minute</intervalUnit></NTP><Net><NetworkInterface><networkInterfaceNum>1</networkInterfaceNum><NetworkInterfaceEntry><id>1</id><type opt="10Mbase-T,10MBase-T-full,100MBase-TX,100M-full,10M/100M/1000M-adapt,1000M-full"/><MTU min="500" max="1500"/></NetworkInterfaceEntry></NetworkInterface></Net></NetAppAbility><DecoderAbility version="2.0"><DecodeResource><decodeChanNo min="1" max="32"/><dspNum>4</dspNum><DecodeResourceEntry><id>1</id><decodeResolution>CIF</decodeResolution><validDecodeChanNum>32</validDecodeChanNum><DecodeChanSelectEntry><decodeChanRange min="1" max="32"/><validRangeChanNum>32</validRangeChanNum></DecodeChanSelectEntry></DecodeResourceEntry><DecodeResourceEntry><id>2</id><decodeResolution>4CIF</decodeResolution><validDecodeChanNum>32</validDecodeChanNum><DecodeChanSelectEntry><decodeChanRange min="1" max="32"/><validRangeChanNum>32</validRangeChanNum></DecodeChanSelectEntry></DecodeResourceEntry><DecodeResourceEntry><id>3</id><decodeResolution>720P</decodeResolution><validDecodeChanNum>16</validDecodeChanNum><DecodeChanSelectEntry><decodeChanRange min="1" max="8"/><validRangeChanNum>4</validRangeChanNum></DecodeChanSelectEntry><DecodeChanSelectEntry><decodeChanRange min="9" max="16"/><validRangeChanNum>4</validRangeChanNum></DecodeChanSelectEntry><DecodeChanSelectEntry><decodeChanRange min="17" max="24"/><validRangeChanNum>4</validRangeChanNum></DecodeChanSelectEntry><DecodeChanSelectEntry><decodeChanRange min="25" max="32"/><validRangeChanNum>4</validRangeChanNum></DecodeChanSelectEntry></DecodeResourceEntry><DecodeResourceEntry><id>4</id><decodeResolution>1080P</decodeResolution><validDecodeChanNum>8</validDecodeChanNum><DecodeChanSelectEntry><decodeChanRange min="1" max="8"/><validRangeChanNum>2</validRangeChanNum></DecodeChanSelectEntry><DecodeChanSelectEntry><decodeChanRange min="9" max="16"/><validRangeChanNum>2</validRangeChanNum></DecodeChanSelectEntry><DecodeChanSelectEntry><decodeChanRange min="17" max="24"/><validRangeChanNum>2</validRangeChanNum></DecodeChanSelectEntry><DecodeChanSelectEntry><decodeChanRange min="25" max="32"/><validRangeChanNum>2</validRangeChanNum></DecodeChanSelectEntry></DecodeResourceEntry></DecodeResource><VoutResource><videoOutNum>5</videoOutNum><audioOutNum>500W</audioOutNum><VoutResourceEntry><id>4</id><voutType min="1" max="8"/><voutNo>1</voutNo><Audio><enabled min="9" max="16"/></Audio><VoutResolutionEntry><resolutionName>1</resolutionName><index min="17" max="24"/></VoutResolutionEntry><VoutResolutionEntry><resolutionName>1</resolutionName><index min="25" max="32"/></VoutResolutionEntry><VoutResolutionEntry><resolutionName>1</resolutionName><index>16</index></VoutResolutionEntry><VoutResolutionEntry><resolutionName>8</resolutionName><relatedDecodeChan>2</relatedDecodeChan></VoutResolutionEntry><VoutChanDisplayEntry><voutName>vga</voutName><voutID min="1" max="8"/><displayWindowMode>true</displayWindowMode><relatedDecodeChan>NOT_AVALIABLE</relatedDecodeChan></VoutChanDisplayEntry><VoutChanDisplayEntry><voutName>0</voutName><voutID>XGA_60HZ(1024*768)</voutID><displayWindowMode>67207228</displayWindowMode><relatedDecodeChan>SXGA_60HZ(1280*1024)</relatedDecodeChan></VoutChanDisplayEntry><VoutChanDisplayEntry><voutName>84017212</voutName><voutID>720P_60HZ(1280*720)</voutID><displayWindowMode>83978300</displayWindowMode><relatedDecodeChan>720P_50HZ(1280*720)</relatedDecodeChan></VoutChanDisplayEntry><VoutChanDisplayEntry><voutName>83978290</voutName><voutID>1080P_60HZ(1280*1080)</voutID><displayWindowMode>125967420</displayWindowMode><relatedDecodeChan>1080P_50HZ(1280*1080)</relatedDecodeChan></VoutChanDisplayEntry><VoutChanDisplayEntry><voutName>125967410</voutName><voutID>UXGA_60HZ(1600*1200)</voutID><displayWindowMode>105011260</displayWindowMode><relatedDecodeChan>vga1</relatedDecodeChan></VoutChanDisplayEntry></VoutResourceEntry><VoutResourceEntry><id>1</id><voutType opt="1,4,9,16"/><voutNo min="1" max="32"/><Audio><enabled>vga2</enabled></Audio><VoutResolutionEntry><resolutionName>2</resolutionName><index opt="1,4,9,16"/></VoutResolutionEntry><VoutResolutionEntry><resolutionName min="1" max="32"/><index>vga3</index></VoutResolutionEntry><VoutResolutionEntry><resolutionName>3</resolutionName><index opt="1,4,9,16"/></VoutResolutionEntry><VoutResolutionEntry><resolutionName min="1" max="32"/><index>vga4</index></VoutResolutionEntry><VoutResolutionEntry><resolutionName>4</resolutionName><index opt="1,4,9,16"/></VoutResolutionEntry><VoutResolutionEntry><resolutionName min="1" max="32"/><index>vga5</index></VoutResolutionEntry><VoutResolutionEntry><resolutionName>5</resolutionName><index opt="1,4,9,16"/></VoutResolutionEntry><VoutResolutionEntry><resolutionName min="1" max="32"/><index>vga6</index></VoutResolutionEntry><VoutResolutionEntry><resolutionName>6</resolutionName><index opt="1,4,9,16"/></VoutResolutionEntry><VoutChanDisplayEntry><voutName min="1" max="32"/><voutID>vga7</voutID><displayWindowMode>7</displayWindowMode><relatedDecodeChan opt="1,4,9,16"/></VoutChanDisplayEntry><VoutChanDisplayEntry><voutName min="1" max="32"/><voutID>vga8</voutID><displayWindowMode>8</displayWindowMode><relatedDecodeChan opt="1,4,9,16"/></VoutChanDisplayEntry><VoutChanDisplayEntry><voutName min="1" max="32"/><voutID>3</voutID><displayWindowMode>hdmi</displayWindowMode><relatedDecodeChan min="49" max="52"/></VoutChanDisplayEntry><VoutChanDisplayEntry><voutName>true</voutName><voutID>NOT_AVALIABLE</voutID><displayWindowMode>0</displayWindowMode><relatedDecodeChan>XGA_60HZ(1024*768)</relatedDecodeChan></VoutChanDisplayEntry><VoutChanDisplayEntry><voutName>67207228</voutName><voutID>SXGA_60HZ(1280*1024)</voutID><displayWindowMode>84017212</displayWindowMode><relatedDecodeChan>720P_60HZ(1280*720)</relatedDecodeChan></VoutChanDisplayEntry><VoutChanDisplayEntry><voutName>83978300</voutName><voutID>720P_50HZ(1280*720)</voutID><displayWindowMode>83978290</displayWindowMode><relatedDecodeChan>1080P_60HZ(1920*1080)</relatedDecodeChan></VoutChanDisplayEntry><VoutChanDisplayEntry><voutName>125967420</voutName><voutID>1080P_50HZ(1920*1080)</voutID><displayWindowMode>125967410</displayWindowMode><relatedDecodeChan>UXGA_60HZ(1600*1200)</relatedDecodeChan></VoutChanDisplayEntry></VoutResourceEntry><VoutResourceEntry><id>105011260</id><voutType>hdmi1</voutType><voutNo>49</voutNo><Audio><enabled opt="1,4,9,16"/></Audio><VoutResolutionEntry><resolutionName min="1" max="16"/><index>hdmi2</index></VoutResolutionEntry><VoutResolutionEntry><resolutionName>50</resolutionName><index opt="1,4,9,16"/></VoutResolutionEntry><VoutResolutionEntry><resolutionName min="1" max="16"/><index>hdmi3</index></VoutResolutionEntry><VoutResolutionEntry><resolutionName>51</resolutionName><index opt="1,4,9,16"/></VoutResolutionEntry><VoutResolutionEntry><resolutionName min="1" max="16"/><index>hdmi4</index></VoutResolutionEntry><VoutResolutionEntry><resolutionName>52</resolutionName><index opt="1,4,9,16"/></VoutResolutionEntry><VoutResolutionEntry><resolutionName min="1" max="16"/><index>hdmi5</index></VoutResolutionEntry><VoutResolutionEntry><resolutionName>53</resolutionName><index opt="1,4,9,16"/></VoutResolutionEntry><VoutResolutionEntry><resolutionName min="1" max="32"/><index>hdmi6</index></VoutResolutionEntry><VoutChanDisplayEntry><voutName>54</voutName><voutID opt="1,4,9,16"/><displayWindowMode min="1" max="32"/><relatedDecodeChan>hdmi7</relatedDecodeChan></VoutChanDisplayEntry></VoutResourceEntry></VoutResource><VoutDisplayConstraint><voutDisplayChanNum>55</voutDisplayChanNum><voutDisplayChanEntry><voutDisplayChanType opt="1,4,9,16"/><validChanNum min="1" max="32"/></voutDisplayChanEntry><voutDisplayChanEntry><voutDisplayChanType>hdmi8</voutDisplayChanType><validChanNum>56</validChanNum></voutDisplayChanEntry><voutDisplayChanEntry><voutDisplayChanType opt="1,4,9,16"/><validChanNum min="1" max="32"/></voutDisplayChanEntry><voutNo>8</voutNo><VoutResolutionEntry><resolutionName opt="vga1,hdmi1"/><index>1</index></VoutResolutionEntry><VoutResolutionEntry><resolutionName opt="vga2,hdmi2"/><index>1</index></VoutResolutionEntry><VoutResolutionEntry><resolutionName opt="vga3,hdmi3"/><index>1</index></VoutResolutionEntry></VoutDisplayConstraint><VoutResourceEntry><id opt="vga4,hdmi4"/><voutType>1</voutType><voutNo opt="vga5,hdmi5"/><VoutResolutionEntry><resolutionName>1</resolutionName><index opt="vga6,hdmi6"/></VoutResolutionEntry><VoutResolutionEntry><resolutionName>1</resolutionName><index opt="vga7,hdmi7"/></VoutResolutionEntry><VoutResolutionEntry><resolutionName>1</resolutionName><index opt="vga8,hdmi8"/></VoutResolutionEntry></VoutResourceEntry></DecoderAbility><PTZAbility version="2.0"><channelNO>1</channelNO><PTZControl><controlType opt="light,wiper,fan,heater,aux1,aux2,zoomIn,zoomOut,focusNear,focusFar,irisOpen,irisClose,ttiltUp,tiltDown,panLeft,panRight,upLeft,upRight,downLeft,downRight,panAuto,panCircle"/></PTZControl><Patrol><patrolNum min="1" max="16"/><presetNum min="1" max="255"/><dwellTime min="1" max="255"/><speed min="1" max="255"/></Patrol><Preset><presetNum min="1" max="255"/></Preset><PTZZoomIn><enabled>true</enabled></PTZZoomIn><Pattern><operateType opt="recordStart,recordStop,run"/><patternID min="1" max="1"/></Pattern></PTZAbility><VideoPlatformAbility version="2.0"><codeSubSystemNum opt="decodeChan"/><decodeSubSystemNum opt="1,2,3,4,5"/></VideoPlatformAbility></DecviceAbility>
