<?xml version="1.0" encoding="UTF-8"?>
<DecviceAbility version="2.0"><BasicCapability version="2.0"><HardwareCapability><HardwareVersion>0x0</HardwareVersion><AlarmInPortNum>4</AlarmInPortNum><AlarmOutPortNum>4</AlarmOutPortNum><RS232Num>1</RS232Num><RS485Num>1</RS485Num><NetworkPortNum>1</NetworkPortNum><VideoOutNum>6</VideoOutNum><VideoOutSupport>1</VideoOutSupport><VGANumber>2</VGANumber><CVBSNumber>4</CVBSNumber></HardwareCapability><SoftwareCapability><NtpSupport>1</NtpSupport><PtzSupport>1</PtzSupport><DDNSSupport>1</DDNSSupport><DDNSHostType>0,1,2,3</DDNSHostType><SADPVersion>0,1</SADPVersion><MaxLoginNum>128</MaxLoginNum><RS232Config>1</RS232Config><NotSupportDiskQuota>1</NotSupportDiskQuota><NeedReboot><ImportConfigurationFileReboot>1</ImportConfigurationFileReboot><RestoreConfig>1</RestoreConfig><RS232workModeChange>1</RS232workModeChange></NeedReboot></SoftwareCapability></BasicCapability><SerialAbility version="2.0"><RS232><RS232Num>1</RS232Num><RS232Entry><baudRate opt="110,300,600,1200,2400,4800,9600,19200,38400,57600,115.2k"/><dataBit opt="5,6,7,8"/><stopBit opt="1,2"/><parity opt="none,odd,even"/><flowcontrol opt="none,hard,soft"/><workMode opt="console,transparentChan"/></RS232Entry></RS232><RS485><RS485Num>1</RS485Num><RS485Entry><baudRate opt="110,300,600,1200,2400,4800,9600,19200,38400,57600,115.2k"/><dataBit opt="5,6,7,8"/><stopBit opt="1,2"/><parity opt="none,odd,even"/><flowcontrol opt="none,hard,soft"/><decoderAddress min="0" max="255"/></RS485Entry></RS485></SerialAbility><UserAbility version="2.0"><userNum>32</userNum><userNameLength min="1" max="32"/><userPasswordLength min="1" max="16"/><RemotePermission><permissionType opt="preview,alarmOutOrUpload,transParentChannel,PTZControl,playback,parameterConfig,logOrStateCheck,restartOrShutdown,upgrade"/></RemotePermission><UserNet><IPV4Address>true</IPV4Address><MACAddress>true</MACAddress></UserNet></UserAbility><NetAppAbility version="2.0"><NTP><intervalUnit>minute</intervalUnit></NTP><Net><NetworkInterface><networkInterfaceNum>1</networkInterfaceNum><NetworkInterfaceEntry><id>1</id><type opt="10Mbase-T,10MBase-T-full,100MBase-TX,100M-full,10M/100M/1000M-adapt,1000M-full"/><MTU min="500" max="1500"/></NetworkInterfaceEntry></NetworkInterface></Net></NetAppAbility><DecoderAbility version="2.0"><DecodeResource><decodeChanNo min="1" max="8"/><DecodeResourceEntry><id>1</id><decodeResolution>CIF</decodeResolution><validDecodeChanNum>8</validDecodeChanNum><DecodeChanSelectEntry><decodeChanRange min="1" max="8"/><validRangeChanNum>8</validRangeChanNum></DecodeChanSelectEntry></DecodeResourceEntry><DecodeResourceEntry><id>2</id><decodeResolution>4CIF</decodeResolution><validDecodeChanNum>4</validDecodeChanNum><DecodeChanSelectEntry><decodeChanRange min="1" max="8"/><validRangeChanNum>4</validRangeChanNum></DecodeChanSelectEntry></DecodeResourceEntry><DecodeResourceEntry><id>3</id><decodeResolution>720P</decodeResolution><validDecodeChanNum>2</validDecodeChanNum><DecodeChanSelectEntry><decodeChanRange min="1" max="8"/><validRangeChanNum>2</validRangeChanNum><index>6</index><index>1</index></DecodeChanSelectEntry><VoutResolutionEntry><resolutionName>bnc</resolutionName><index min="17" max="20"/><index>bnc1</index></VoutResolutionEntry><VoutResolutionEntry><resolutionName>17</resolutionName><index opt="1,4,9"/></VoutResolutionEntry><VoutChanDisplayEntry><voutName min="1" max="8"/><voutID>bnc2</voutID><displayWindowMode>18</displayWindowMode><relatedDecodeChan opt="1,4,9"/></VoutChanDisplayEntry><VoutChanDisplayEntry><voutName min="1" max="8"/><voutID>bnc3</voutID><displayWindowMode>19</displayWindowMode><relatedDecodeChan opt="1,4,9"/></VoutChanDisplayEntry><VoutChanDisplayEntry><voutName min="1" max="8"/><voutID>bnc4</voutID><displayWindowMode>20</displayWindowMode><relatedDecodeChan opt="1,4,9"/></VoutChanDisplayEntry><VoutChanDisplayEntry><voutName min="1" max="8"/><relatedDecodeChan>2</relatedDecodeChan></VoutChanDisplayEntry><VoutChanDisplayEntry><voutName>vga</voutName><voutID min="1" max="2"/><relatedDecodeChan>SVGA_60HZ(800*600)</relatedDecodeChan></VoutChanDisplayEntry><VoutChanDisplayEntry><voutName>52505660</voutName><voutID>SVGA_75HZ(800*600)</voutID><displayWindowMode>52505675</displayWindowMode><relatedDecodeChan>XGA_60HZ(1024*768)</relatedDecodeChan></VoutChanDisplayEntry><VoutChanDisplayEntry><voutName>67207228</voutName><voutID>XGA_75HZ(1024*768)</voutID><displayWindowMode>67207243</displayWindowMode><relatedDecodeChan>720P_60HZ(1280*720)</relatedDecodeChan></VoutChanDisplayEntry><VoutChanDisplayEntry><voutName>83978300</voutName><relatedDecodeChan>vga1</relatedDecodeChan></VoutChanDisplayEntry></DecodeResourceEntry><VoutResourceEntry><id>1</id><voutType opt="1,4,9"/><voutNo min="1" max="8"/><Audio><enabled>vga2</enabled></Audio><VoutResolutionEntry><resolutionName>2</resolutionName><index opt="1,4,9"/></VoutResolutionEntry><VoutResolutionEntry><resolutionName min="1" max="8"/></VoutResolutionEntry></VoutResourceEntry></DecodeResource></DecoderAbility><PTZAbility version="2.0"><channelNO>1</channelNO><PTZControl><controlType opt="light,wiper,fan,heater,aux1,aux2,zoomIn,zoomOut,focusNear,focusFar,irisOpen,irisClose,ttiltUp,tiltDown,panLeft,panRight,upLeft,upRight,downLeft,downRight,panAuto,panCircle"/></PTZControl><Patrol><patrolNum min="1" max="16"/><presetNum min="1" max="255"/><dwellTime min="1" max="255"/><speed min="1" max="255"/></Patrol><Preset><presetNum min="1" max="255"/></Preset><PTZZoomIn><enabled>true</enabled></PTZZoomIn><Pattern><operateType opt="recordStart,recordStop,run"/><patternID min="1" max="1"/></Pattern></PTZAbility></DecviceAbility>
