<?xml version="1.0" encoding="UTF-8"?>
<DecviceAbility version="2.0"><BasicCapability version="2.0"><HardwareCapability><HardwareVersion>0x0</HardwareVersion><AlarmInPortNum>2</AlarmInPortNum><NetworkPortNum>1</NetworkPortNum><HardDiskNum>1</HardDiskNum><SATANum>8</SATANum><IPChannelNum>1024</IPChannelNum></HardwareCapability><SoftwareCapability><MotionDetectAlarmSupport>1</MotionDetectAlarmSupport><VILostAlarmSupport>1</VILostAlarmSupport><HideAlarmSupport>1</HideAlarmSupport><FindFileByEventSupport>1</FindFileByEventSupport><FileLockSupport>1</FileLockSupport></SoftwareCapability></BasicCapability><UserAbility version="2.0"><userNum>16</userNum><userNameLength min="1" max="32"/><userPasswordLength min="1" max="16"/></UserAbility><NetAppAbility version="2.0"><NTP><intervalUnit>minute</intervalUnit></NTP><Net><NetworkInterface><networkInterfaceNum>1</networkInterfaceNum><NetworkInterfaceEntry><id>1</id><type opt="10Mbase-T,10MBase-T-full,100MBase-TX,100M-full,10M/100M/1000M-adapt,1000M-full"/><MTU min="500" max="1500"/></NetworkInterfaceEntry></NetworkInterface><multicastIpAddr opt="IPV4"/></Net></NetAppAbility><VideoPicAbility version="2.0"><channelNO>1</channelNO><OSD><ChannelName><enabled>true</enabled></ChannelName><Week><enabled>true</enabled></Week><OSDType opt="xxxx-xx-xxYMD,xx-xx-xxxxMDY,xxxxYxxMxxD,xxMxxDxxxxY,xx-xx-xxxxDMY,xxDxxMxxxxY"/><OSDAttrib opt="1,2,3,4"/><OSDHourType opt="24Hour,12Hour"/></OSD><MotionDetection><regionType opt="grid"/><Grid><VideoFormatP><rowGranularity>18</rowGranularity><columnGranularity>22</columnGranularity></VideoFormatP><VideoFormatN><rowGranularity>15</rowGranularity><columnGranularity>22</columnGranularity></VideoFormatN></Grid><sensitivityLevel min="0" max="5"/><alarmTime>8</alarmTime><alarmHandleType opt="monitor,audio,center,alarmout,picture"/></MotionDetection><VILostDetection><alarmTime>8</alarmTime><alarmHandleType opt="monitor,audio,center,alarmout,picture"/></VILostDetection><HideDetection><HideAreaNum>1</HideAreaNum><HideArea><id>1</id><PAL><AreaX min="0" max="704"/><AreaY min="0" max="576"/></PAL><NTSC><AreaX min="0" max="704"/><AreaY min="0" max="480"/></NTSC></HideArea><sensitivity opt="none,low,middle,high"/><alarmTime>8</alarmTime><alarmHandleType opt="monitor,audio,center,alarmout,picture"/></HideDetection><PrivacyMask><PrivacyMaskAreaNum>4</PrivacyMaskAreaNum><PrivacyMaskArea><id>1</id><PAL><AreaX min="0" max="704"/><AreaY min="0" max="576"/></PAL><NTSC><AreaX min="0" max="704"/><AreaY min="0" max="480"/></NTSC></PrivacyMaskArea><PrivacyMaskArea><id>2</id><PAL><AreaX min="0" max="704"/><AreaY min="0" max="576"/></PAL><NTSC><AreaX min="0" max="704"/><AreaY min="0" max="480"/></NTSC></PrivacyMaskArea><PrivacyMaskArea><id>3</id><PAL><AreaX min="0" max="704"/><AreaY min="0" max="576"/></PAL><NTSC><AreaX min="0" max="704"/><AreaY min="0" max="480"/></NTSC></PrivacyMaskArea><PrivacyMaskArea><id>4</id><PAL><AreaX min="0" max="704"/><AreaY min="0" max="576"/></PAL><NTSC><AreaX min="0" max="704"/><AreaY min="0" max="480"/></NTSC></PrivacyMaskArea></PrivacyMask><VideoInputEffect><mode opt="standard,mode1,mode2,mode3,selfDefine"/><bright min="0" max="255"/><contrast min="0" max="255"/><saturation min="0" max="255"/><hue min="0" max="255"/><sharpness min="0" max="255"/><denoising min="0" max="255"/></VideoInputEffect></VideoPicAbility><JpegCaptureAbility version="2.0"><channelNO>1</channelNO><ManualCapture><ResolutionEntry><resolutionName>CIF</resolutionName><index>0</index></ResolutionEntry><ResolutionEntry><resolutionName>QCIF</resolutionName><index>1</index></ResolutionEntry><ResolutionEntry><resolutionName>4CIF</resolutionName><index>2</index></ResolutionEntry><ResolutionEntry><resolutionName>UXGA</resolutionName><index>3</index></ResolutionEntry><ResolutionEntry><resolutionName>SVGA</resolutionName><index>4</index></ResolutionEntry><ResolutionEntry><resolutionName>HD720P</resolutionName><index>5</index></ResolutionEntry><ResolutionEntry><resolutionName>VGA</resolutionName><index>6</index></ResolutionEntry><ResolutionEntry><resolutionName>XVGA</resolutionName><index>7</index></ResolutionEntry><ResolutionEntry><resolutionName>HD900P</resolutionName><index>8</index></ResolutionEntry><ResolutionEntry><resolutionName>HD1080P</resolutionName><index>9</index></ResolutionEntry><ResolutionEntry><resolutionName>2560*1920</resolutionName><index>10</index></ResolutionEntry><ResolutionEntry><resolutionName>1600*304</resolutionName><index>11</index></ResolutionEntry><ResolutionEntry><resolutionName>2048*1536</resolutionName><index>12</index></ResolutionEntry><ResolutionEntry><resolutionName>2448*2048</resolutionName><index>13</index></ResolutionEntry><ResolutionEntry><resolutionName>2448*1200</resolutionName><index>14</index></ResolutionEntry><ResolutionEntry><resolutionName>2448*800</resolutionName><index>15</index></ResolutionEntry><ResolutionEntry><resolutionName>XGA</resolutionName><index>16</index></ResolutionEntry><ResolutionEntry><resolutionName>SXGA</resolutionName><index>17</index></ResolutionEntry><ResolutionEntry><resolutionName>WD1</resolutionName><index>18</index></ResolutionEntry><ResolutionEntry><resolutionName>1080I</resolutionName><index>19</index></ResolutionEntry><ResolutionEntry><resolutionName>576*576</resolutionName><index>20</index></ResolutionEntry><ResolutionEntry><resolutionName>1536*1536</resolutionName><index>21</index></ResolutionEntry><ResolutionEntry><resolutionName>1920*1920</resolutionName><index>22</index></ResolutionEntry><ResolutionEntry><resolutionName>auto</resolutionName><index>255</index></ResolutionEntry></ManualCapture><SchedCapture><TimingCap><ResolutionEntry><resolutionName>CIF</resolutionName><index>0</index></ResolutionEntry><ResolutionEntry><resolutionName>QCIF</resolutionName><index>1</index></ResolutionEntry><ResolutionEntry><resolutionName>4CIF</resolutionName><index>2</index></ResolutionEntry><ResolutionEntry><resolutionName>UXGA</resolutionName><index>3</index></ResolutionEntry><ResolutionEntry><resolutionName>SVGA</resolutionName><index>4</index></ResolutionEntry><ResolutionEntry><resolutionName>HD720P</resolutionName><index>5</index></ResolutionEntry><ResolutionEntry><resolutionName>VGA</resolutionName><index>6</index></ResolutionEntry><ResolutionEntry><resolutionName>XVGA</resolutionName><index>7</index></ResolutionEntry><ResolutionEntry><resolutionName>HD900P</resolutionName><index>8</index></ResolutionEntry><ResolutionEntry><resolutionName>HD1080P</resolutionName><index>9</index></ResolutionEntry><ResolutionEntry><resolutionName>2560*1920</resolutionName><index>10</index></ResolutionEntry><ResolutionEntry><resolutionName>1600*304</resolutionName><index>11</index></ResolutionEntry><ResolutionEntry><resolutionName>2048*1536</resolutionName><index>12</index></ResolutionEntry><ResolutionEntry><resolutionName>2448*2048</resolutionName><index>13</index></ResolutionEntry><ResolutionEntry><resolutionName>2448*1200</resolutionName><index>14</index></ResolutionEntry><ResolutionEntry><resolutionName>2448*800</resolutionName><index>15</index></ResolutionEntry><ResolutionEntry><resolutionName>XGA</resolutionName><index>16</index></ResolutionEntry><ResolutionEntry><resolutionName>SXGA</resolutionName><index>17</index></ResolutionEntry><ResolutionEntry><resolutionName>WD1</resolutionName><index>18</index></ResolutionEntry><ResolutionEntry><resolutionName>1080I</resolutionName><index>19</index></ResolutionEntry><ResolutionEntry><resolutionName>576*576</resolutionName><index>20</index></ResolutionEntry><ResolutionEntry><resolutionName>1536*1536</resolutionName><index>21</index></ResolutionEntry><ResolutionEntry><resolutionName>1920*1920</resolutionName><index>22</index></ResolutionEntry><ResolutionEntry><resolutionName>auto</resolutionName><index>255</index></ResolutionEntry><interval opt="1,2,3,4,5,6,7,8,9,10"/><RecorderDuration min="0" max="60"/><DayCapture><captureType opt="timing,motion,alarm,motionOrAlarm,motionAndAlarm"/></DayCapture><TimeSlot><slotNum>8</slotNum><captureType opt="timing,motion,alarm,motionOrAlarm,motionAndAlarm"/></TimeSlot><HolidayDay><captureType opt="timing,motion,alarm,motionOrAlarm,motionAndAlarm"/></HolidayDay><HolidayTimeSlot><slotNum>8</slotNum><captureType opt="timing,motion,alarm,motionOrAlarm,motionAndAlarm"/></HolidayTimeSlot></TimingCap><EventCap><eventType opt="motion,hide,loss"/><ResolutionEntry><resolutionName>CIF</resolutionName><index>0</index></ResolutionEntry><ResolutionEntry><resolutionName>QCIF</resolutionName><index>1</index></ResolutionEntry><ResolutionEntry><resolutionName>4CIF</resolutionName><index>2</index></ResolutionEntry><ResolutionEntry><resolutionName>UXGA</resolutionName><index>3</index></ResolutionEntry><ResolutionEntry><resolutionName>SVGA</resolutionName><index>4</index></ResolutionEntry><ResolutionEntry><resolutionName>HD720P</resolutionName><index>5</index></ResolutionEntry><ResolutionEntry><resolutionName>VGA</resolutionName><index>6</index></ResolutionEntry><ResolutionEntry><resolutionName>XVGA</resolutionName><index>7</index></ResolutionEntry><ResolutionEntry><resolutionName>HD900P</resolutionName><index>8</index></ResolutionEntry><ResolutionEntry><resolutionName>HD1080P</resolutionName><index>9</index></ResolutionEntry><ResolutionEntry><resolutionName>2560*1920</resolutionName><index>10</index></ResolutionEntry><ResolutionEntry><resolutionName>1600*304</resolutionName><index>11</index></ResolutionEntry><ResolutionEntry><resolutionName>2048*1536</resolutionName><index>12</index></ResolutionEntry><ResolutionEntry><resolutionName>2448*2048</resolutionName><index>13</index></ResolutionEntry><ResolutionEntry><resolutionName>2448*1200</resolutionName><index>14</index></ResolutionEntry><ResolutionEntry><resolutionName>2448*800</resolutionName><index>15</index></ResolutionEntry><ResolutionEntry><resolutionName>XGA</resolutionName><index>16</index></ResolutionEntry><ResolutionEntry><resolutionName>SXGA</resolutionName><index>17</index></ResolutionEntry><ResolutionEntry><resolutionName>WD1</resolutionName><index>18</index></ResolutionEntry><ResolutionEntry><resolutionName>1080I</resolutionName><index>19</index></ResolutionEntry><ResolutionEntry><resolutionName>576*576</resolutionName><index>20</index></ResolutionEntry><ResolutionEntry><resolutionName>1536*1536</resolutionName><index>21</index></ResolutionEntry><ResolutionEntry><resolutionName>1920*1920</resolutionName><index>22</index></ResolutionEntry><ResolutionEntry><resolutionName>auto</resolutionName><index>255</index></ResolutionEntry><interval opt="1,2,3,4,5,6,7,8,9,10"/><capTimes min="1" max="1"/><eventCapChan opt="1,2,3,4,5,6,7,8,9,10,11,12,13,14,15,16"/><alarmInCapChan opt="1,2,3,4,5,6,7,8,9,10,11,12,13,14,15,16"/></EventCap></SchedCapture></JpegCaptureAbility><RecordAbility version="2.0"><RecordScheduleNum>8</RecordScheduleNum></RecordAbility><EventAbility version="2.0"><channelNO>1</channelNO><ExceptionAlarm><exceptionType opt="diskFull,diskError,nicBroken,ipConflict,illAccess,videoMismatch,badVideo,recordingFailure,raid,resolutionMismatch"/><alarmHandleType opt="audio,center,alarmout,picture"/></ExceptionAlarm><AlarmIn><alarmTime>8</alarmTime><alarmHandleType opt="monitor,audio,center,alarmout,picture,uploadftp"/></AlarmIn><AlarmOut><alarmTime>8</alarmTime><pulseDuration opt="5,10,30,60,120,300,600,manual"/></AlarmOut></EventAbility></DecviceAbility>
