<?xml version="1.0" encoding="UTF-8"?>
<DecviceAbility version="2.0"><BasicCapability version="2.0"><HardwareCapability><HardwareVersion>0x10</HardwareVersion><NetworkPortNum>1</NetworkPortNum><ResetSupport>1</ResetSupport><RS485><localRs485No min="1" max="8"/><semiDuplexRS485No min="1" max="8"/></RS485></HardwareCapability><SoftwareCapability><NotSupportInputOutputConfigFile>1</NotSupportInputOutputConfigFile><NeedReboot><RestoreConfig>1</RestoreConfig></NeedReboot></SoftwareCapability></BasicCapability><SerialAbility version="2.0"><RS485><RS485Num>8</RS485Num><RS485Entry><baudRate opt="50,75,110,150,300,600,1200,2400,4800,9600,19200,38400,57600,76800,115.2k"/><dataBit opt="7,8"/><stopBit opt="1,2"/><parity opt="none,odd,even"/><flowcontrol opt="none,hard,soft"/><decoderAddress min="0" max="60"/></RS485Entry></RS485></SerialAbility><UserAbility version="2.0"><userNum>16</userNum><userNameLength min="1" max="32"/><userPasswordLength min="1" max="16"/><UserNet><IPV4Address>true</IPV4Address><IPV6Address>true</IPV6Address><MACAddress>true</MACAddress></UserNet><AlarmhostPermission><netUserNo min="1" max="1"/><userPriority opt="admin"/><AdminPermissionType opt="arm,disarm,bypass,log,reboot,setConfig,getConfig,resume,siren,alarmout,serialControl, controlLocalOut"/><ManagerPermissionType opt="arm,disarm,bypass,log,setConfig,getConfig,siren,alarmout,serialControl, controlLocalOut"/><OperaterPermissionType opt="arm,disarm,bypass,log,setConfig,getConfig,siren,alarmout,serialControl, controlLocalOut"/></AlarmhostPermission></UserAbility><NetAppAbility version="2.0"><Net><NetworkInterface><networkInterfaceNum>1</networkInterfaceNum><NetworkInterfaceEntry><id>1</id><type>10M/100M/1000M-adapt</type><MTU min="1500" max="1500"/></NetworkInterfaceEntry></NetworkInterface></Net></NetAppAbility><AlarmHostAbility version="2.0"/></DecviceAbility>
