<?xml version="1.0" encoding="UTF-8"?>
<DecviceAbility version="2.0"><BasicCapability version="2.0"><HardwareCapability><HardwareVersion>0x0</HardwareVersion><AlarmInPortNum>8</AlarmInPortNum><AlarmOutPortNum>4</AlarmOutPortNum><RS485Num>1</RS485Num><NetworkPortNum>1</NetworkPortNum><USBNum>1</USBNum><FlashSize>16</FlashSize><RamSize>256</RamSize><USBVersion>2.0</USBVersion><HardDiskNum>1</HardDiskNum><SATANum>1</SATANum><VideoInNum>4</VideoInNum><AudioInNum>4</AudioInNum><VideoOutNum>2</VideoOutNum><AudioOutNum>1</AudioOutNum><AudioTalkNum>1</AudioTalkNum><VideoOutSupport>1</VideoOutSupport><ResetSupport>1</ResetSupport><AnalogChannelNum>4</AnalogChannelNum><VGANumber>1</VGANumber><CVBSNumber>1</CVBSNumber><ZoneNum><localZoneNo min="0" max="7"/></ZoneNum><sirenNo min="1" max="1"/><TriggerNum><localTriggerNo min="0" max="3"/></TriggerNum></HardwareCapability><SoftwareCapability><ShowStringNumber>4</ShowStringNumber><MotionDetectAlarmSupport>1</MotionDetectAlarmSupport><VILostAlarmSupport>1</VILostAlarmSupport><HideAlarmSupport>1</HideAlarmSupport><ShelterSupport>1</ShelterSupport><NtpSupport>1</NtpSupport><PtzSupport>1</PtzSupport><DDNSSupport>1</DDNSSupport><DDNSHostType>0,1,2</DDNSHostType><MultipleStreamSupport>1</MultipleStreamSupport><SubStreamSupport>1</SubStreamSupport><SADPVersion>0,1</SADPVersion><ZeroChanNumber>1</ZeroChanNumber><BackupSupport>1</BackupSupport><FindFileByEventSupport>1</FindFileByEventSupport><FileLockSupport>1</FileLockSupport><MaxLoginNum>128</MaxLoginNum><MaxPreviewNum>24</MaxPreviewNum><MaxChanLinkNum>6</MaxChanLinkNum><HDgroupConfig>1</HDgroupConfig><PPPoEConfig>1</PPPoEConfig><NotSupportDiskQuota>1</NotSupportDiskQuota><SingleStorageMaxCap>2</SingleStorageMaxCap><NeedReboot><ImportConfigurationFileReboot>1</ImportConfigurationFileReboot><RestoreConfig>2</RestoreConfig><PPPoEChange>2</PPPoEChange><HardDiskParamChange>2</HardDiskParamChange></NeedReboot></SoftwareCapability></BasicCapability><AudioVideoCompressInfo version="2.0"><AudioCompressInfo><Audio><ChannelList><ChannelEntry><ChannelNumber>1</ChannelNumber><MainAudioEncodeType><Range>1</Range></MainAudioEncodeType><SubAudioEncodeType><Range>1</Range></SubAudioEncodeType><EventAudioEncodeType><Range>1</Range></EventAudioEncodeType></ChannelEntry></ChannelList></Audio><VoiceTalk><ChannelList><ChannelEntry><ChannelNumber>1</ChannelNumber><VoiceTalkEncodeType><Range>1</Range></VoiceTalkEncodeType></ChannelEntry></ChannelList></VoiceTalk></AudioCompressInfo><VideoCompressInfo><ChannelList><ChannelEntry><ChannelNumber>1</ChannelNumber><MainChannel><VideoEncodeType><Range>1</Range></VideoEncodeType><VideoResolutionList><VideoResolutionEntry><Index>1</Index><Name>CIF</Name><Resolution>352*288</Resolution><VideoFrameRate>0,5,6,7,8,9,10,11,12,13,14,15,16</VideoFrameRate><VideoBitrate><Min>32</Min><Max>2048</Max></VideoBitrate></VideoResolutionEntry><VideoResolutionEntry><Index>2</Index><Name>QCIF</Name><Resolution>172*144</Resolution><VideoFrameRate>0,5,6,7,8,9,10,11,12,13,14,15,16</VideoFrameRate><VideoBitrate><Min>32</Min><Max>384</Max></VideoBitrate></VideoResolutionEntry><VideoResolutionEntry><Index>3</Index><Name>4CIF</Name><Resolution>704*576</Resolution><VideoFrameRate>0,5,6,7,8,9,10,11,12,13,14,15,16</VideoFrameRate><VideoBitrate><Min>32</Min><Max>3072</Max></VideoBitrate></VideoResolutionEntry><VideoResolutionEntry><Index>4</Index><Name>2CIF</Name><Resolution>704*288</Resolution><VideoFrameRate>0,5,6,7,8,9,10,11,12,13,14,15,16</VideoFrameRate><VideoBitrate><Min>32</Min><Max>3072</Max></VideoBitrate></VideoResolutionEntry></VideoResolutionList><IntervalBPFrame><Range>2</Range></IntervalBPFrame></MainChannel><SubChannelList><SubChannelEntry><index>1</index><VideoEncodeType><Range>1</Range></VideoEncodeType><VideoResolutionList><VideoResolutionEntry><Index>2</Index><Name>QCIF</Name><Resolution>172*144</Resolution><VideoFrameRate>0,5,6,7,8,9,10,11,12,13,14,15,16</VideoFrameRate><VideoBitrate><Min>32</Min><Max>384</Max></VideoBitrate></VideoResolutionEntry></VideoResolutionList><IntervalBPFrame><Range>2</Range></IntervalBPFrame></SubChannelEntry></SubChannelList><EventChannel><VideoEncodeType><Range>1</Range></VideoEncodeType><VideoResolutionList><VideoResolutionEntry><Index>1</Index><Name>CIF</Name><Resolution>352*288</Resolution><VideoFrameRate>0,5,6,7,8,9,10,11,12,13,14,15,16</VideoFrameRate><VideoBitrate><Min>32</Min><Max>2048</Max></VideoBitrate></VideoResolutionEntry><VideoResolutionEntry><Index>2</Index><Name>QCIF</Name><Resolution>176*144</Resolution><VideoFrameRate>0,5,6,7,8,9,10,11,12,13,14,15,16</VideoFrameRate><VideoBitrate><Min>32</Min><Max>384</Max></VideoBitrate></VideoResolutionEntry><VideoResolutionEntry><Index>3</Index><Name>4CIF</Name><Resolution>704*576</Resolution><VideoFrameRate>0,5,6,7,8,9,10,11,12,13,14,15,16</VideoFrameRate><VideoBitrate><Min>32</Min><Max>3072</Max></VideoBitrate></VideoResolutionEntry><VideoResolutionEntry><Index>4</Index><Name>2CIF</Name><Resolution>704*288</Resolution><VideoFrameRate>0,5,6,7,8,9,10,11,12,13,14,15,16</VideoFrameRate><VideoBitrate><Min>32</Min><Max>3072</Max></VideoBitrate></VideoResolutionEntry></VideoResolutionList></EventChannel><VideoResolutionEntry><Index>2</Index><VideoFrameRate><Range>0,5,6,7,8,9,10,11,12,13,14,15,16</Range></VideoFrameRate><VideoBitrate><Min>32</Min><Max>3072</Max></VideoBitrate></VideoResolutionEntry></ChannelEntry></ChannelList></VideoCompressInfo></AudioVideoCompressInfo><SerialAbility version="2.0"><RS485><RS485Num>1</RS485Num><RS485Entry><baudRate opt="300,600,1200,2400,4800,9600,19200,38400,57600,76800,115.2k"/><dataBit opt="5,6,7,8"/><stopBit opt="1,2"/><parity opt="none,odd,even"/><decoderAddress min="0" max="255"/></RS485Entry></RS485></SerialAbility><UserAbility version="2.0"><userNum>16</userNum><userNameLength min="1" max="32"/><userPasswordLength min="1" max="16"/><UserNet><IPV4Address>true</IPV4Address><MACAddress>true</MACAddress></UserNet><AlarmhostPermission><netUserNo min="1" max="32"/><userPriority opt="admin,manage,operater"/><AdminPermissionType opt="arm,disarm,bypass, preview,record,playback,PTZControl,log,reboot,setConfig,getConfig,resume,siren,upgrade,alarmout,serialControl,getwayControl,voiceTalk, contorlLocalOut,diskConfig,formatDisk,sensorControl"/><ManagerPermissionType opt="arm,disarm,bypass, preview,record,playback,PTZControl,log,setConfig,getConfig,siren,alarmout,serialControl,getwayControl,voiceTalk, contorlLocalOut,diskConfig,sensorControl"/><OperaterPermissionType opt="arm,disarm,bypass, preview,record,playback,PTZControl,log,setConfig,getConfig,siren,alarmout,serialControl,getwayControl,voiceTalk, contorlLocalOut,diskConfig,sensorControl"/></AlarmhostPermission></UserAbility><NetAppAbility version="2.0"><NTP><intervalUnit>minute</intervalUnit></NTP><Net><NetworkInterface><networkInterfaceNum>1</networkInterfaceNum><NetworkInterfaceEntry><id>1</id><type opt="10Mbase-T,10MBase-T-full,100MBase-TX,100M-full,10M/100M/1000M-adapt,1000M-full"/><MTU min="500" max="1500"/></NetworkInterfaceEntry></NetworkInterface><multicastIpAddr opt="IPV4"/></Net></NetAppAbility><VideoPicAbility version="2.0"><channelNO>1</channelNO><OSD><ChannelName><enabled>true</enabled></ChannelName><Week><enabled>true</enabled></Week><OSDType opt="xxxx-xx-xxYMD,xx-xx-xxxxMDY,xxxxYxxMxxD,xxMxxDxxxxY,xx-xx-xxxxDMY,xxDxxMxxxxY"/><OSDAttrib opt="1,2,3,4"/><OSDHourType opt="24Hour,12Hour"/></OSD><MotionDetection><regionType opt="grid"/><Grid><VideoFormatP><rowGranularity>18</rowGranularity><columnGranularity>22</columnGranularity></VideoFormatP><VideoFormatN><rowGranularity>15</rowGranularity><columnGranularity>22</columnGranularity></VideoFormatN></Grid><sensitivityLevel min="0" max="5"/><alarmTime>8</alarmTime><alarmHandleType opt="audio,alarmout"/></MotionDetection><VILostDetection><alarmTime>8</alarmTime><alarmHandleType opt="audio,alarmout"/></VILostDetection><HideDetection><HideAreaNum>1</HideAreaNum><HideArea><id>1</id><PAL><AreaX min="0" max="704"/><AreaY min="0" max="576"/></PAL><NTSC><AreaX min="0" max="704"/><AreaY min="0" max="480"/></NTSC></HideArea><sensitivity opt="none,low,middle,high"/><alarmTime>8</alarmTime><alarmHandleType opt="audio,alarmout"/></HideDetection><PrivacyMask><PrivacyMaskAreaNum>4</PrivacyMaskAreaNum><PrivacyMaskArea><id>1</id><PAL><AreaX min="0" max="704"/><AreaY min="0" max="576"/></PAL><NTSC><AreaX min="0" max="704"/><AreaY min="0" max="480"/></NTSC></PrivacyMaskArea><PrivacyMaskArea><id>2</id><PAL><AreaX min="0" max="704"/><AreaY min="0" max="576"/></PAL><NTSC><AreaX min="0" max="704"/><AreaY min="0" max="480"/></NTSC></PrivacyMaskArea><PrivacyMaskArea><id>3</id><PAL><AreaX min="0" max="704"/><AreaY min="0" max="576"/></PAL><NTSC><AreaX min="0" max="704"/><AreaY min="0" max="480"/></NTSC></PrivacyMaskArea><PrivacyMaskArea><id>4</id><PAL><AreaX min="0" max="704"/><AreaY min="0" max="576"/></PAL><NTSC><AreaX min="0" max="704"/><AreaY min="0" max="480"/></NTSC></PrivacyMaskArea></PrivacyMask><VideoInputEffect><mode opt="standard,mode1,mode2,mode3,selfDefine"/><bright min="0" max="255"/><contrast min="0" max="255"/><saturation min="0" max="255"/><hue min="0" max="255"/></VideoInputEffect></VideoPicAbility><JpegCaptureAbility version="2.0"><channelNO>1</channelNO><ManualCapture><ResolutionEntry><resolutionName>CIF</resolutionName><index>0</index></ResolutionEntry><ResolutionEntry><resolutionName>QCIF</resolutionName><index>1</index></ResolutionEntry><ResolutionEntry><resolutionName>4CIF</resolutionName><index>2</index></ResolutionEntry></ManualCapture></JpegCaptureAbility><AlarmHostAbility version="2.0"><keyboardNo min="1" max="8"/><operatorUserNo min="1" max="16"/><operatorPasswordLen min="2" max="5"/><operatorPassword opt="0,1,2,3,4,5,6,7,8,9"/><installerNo min="0" max="0"/><installerPasswordLen min="1" max="6"/><installerPassword opt="0,1,2,3,4,5,6,7,8,9"/><Zone><ZoneConfig><enabled>true</enabled><detectorType opt="panicButton,magneticContact,smokeDetector,activeInfraredDetector,passiveInfraredDetector,glassBreakDetector,vibrationDetector,dualTechnologyPirDetector,tripleTechnologyPirDetector,humidityDetector,temperatureDetector,combustibleGasDetector,otherDetect"/><zoneType opt="instantZone, 24hourAudibleZone,delayZone,interiorWithDelayZone,keyswitchZone, supervisedFireZone,24hourSlientZone,disable"/><sensitivity opt="10ms,250ms,500ms,750ms"/><arrayBypass>true</arrayBypass></ZoneConfig><ZoneGroupBypass><enabled>true</enabled></ZoneGroupBypass></Zone><Trigger><TriggerConfig><enabled>true</enabled><outputDelay min="0" max="5999"/></TriggerConfig><TriggerControl><enabled>true</enabled></TriggerControl></Trigger><assistantControl opt="siren"/><SirenConfig><enabled>true</enabled><outputDelay min="1" max="5999"/></SirenConfig><SearchMainStatus><enabled>true</enabled><mainStatusType opt="zoneArmed, zoneAlarm, trigger, zoneBypass,subSystemArmed, zoneFault"/></SearchMainStatus><SearchOtherStatus><enabled>true</enabled><otherStatusType opt="siren"/></SearchOtherStatus><EnableConfig><enabled>true</enabled><enableType opt="siren"/></EnableConfig><TransparencySerial><enabled>true</enabled></TransparencySerial><RS485Config><enabled>true</enabled></RS485Config><SubSystem><subSystemNo opt="1,0xffffffff"/><SubSystemConfig><Part1Config><enterDelayTime min="10" max="150"/><exitDelayTime min="10" max="300"/><hostageReportEnable>true</hostageReportEnable><keyboardWarningOfArmDisarmReport>true</keyboardWarningOfArmDisarmReport><keyboardWarningOfTestReport>true</keyboardWarningOfTestReport></Part1Config></SubSystemConfig><subSystemArmType opt="armAway"/><SubSystemDisarm><enabled>true</enabled></SubSystemDisarm><SubSystemClearAlarm><enabled>true</enabled></SubSystemClearAlarm><SubSystemCloseWarning><enabled>true</enabled></SubSystemCloseWarning><SubSystemGroupBypass><enabled>true</enabled></SubSystemGroupBypass></SubSystem><telModuleNo min="1" max="2"/><DialConfig><PhoneCenterParameter><centerPhoneNumberLength min="0" max="32"/><centerPhoneNumber opt="0,1,2,3,4,5,6,7,8,9,a,b,c,d,e,f,A,B,C,D,E,F"/><repeatCall min="0" max="32"/><pstnTransMode opt="DTMF 5/S,DTMF 10/S"/><receiveID opt="0,1,2,3,4,5,6,7,8,9,a,b,c,d,e,f,A,B,C,D,E,F"/><receiveIDLength min="4" max="4"/></PhoneCenterParameter><reportPeried min="1" max="168"/><firstReportTime min="1" max="3600"/><reportEnable>true</reportEnable></DialConfig><thirdGeneralModuleNo min="1" max="2"/><WirelessNetworkConfig><NetParameter><reportProtocol opt="HIK"/><deviceIDLength min="6" max="6"/><deviceID opt="0,1,2,3,4,5,6,7,8,9,a,b,c,d,e,f,A,B,C,D,E,F"/></NetParameter></WirelessNetworkConfig><netModuleNo min="1" max="2"/><NetworkConfig><NetParameter><reportProtocol opt="HIK"/><deviceIDLength min="6" max="6"/><deviceID opt="0,1,2,3,4,5,6,7,8,9,a,b,c,d,e,f,A,B,C,D,E,F"/></NetParameter></NetworkConfig><centerGroupNo min="1" max="6"/><ReportModeConfig><enabled>true</enabled></ReportModeConfig><BatteryVoltage><enabled>true</enabled></BatteryVoltage><AlarmHostLog><enabled>true</enabled></AlarmHostLog><RemoteUpgrade><enabled>true</enabled></RemoteUpgrade><CIDReportUpload><enabled>true</enabled></CIDReportUpload></AlarmHostAbility><EventAbility version="2.0"><channelNO>1</channelNO><ExceptionAlarm><exceptionType opt="diskFull,diskError,nicBroken,ipConflict,illAccess,videoMismatch,badVideo,recordingFailure"/><alarmHandleType opt="audio,alarmout"/></ExceptionAlarm></EventAbility><PTZAbility version="2.0"><channelNO>1</channelNO><PTZControl><controlType opt="light,wiper,fan,heater,aux1,aux2,zoomIn,zoomOut,focusNear,focusFar,irisOpen,irisClose,ttiltUp,tiltDown,panLeft,panRight,upLeft,upRight,downLeft,downRight,panAuto,panCircle"/></PTZControl><Patrol><patrolNum min="1" max="16"/><presetNum min="1" max="255"/><dwellTime min="1" max="255"/><speed min="1" max="255"/></Patrol><Preset><presetNum min="1" max="255"/></Preset><PTZZoomIn><enabled>true</enabled></PTZZoomIn><Pattern><operateType opt="recordStart,recordStop,run"/><patternID min="1" max="1"/></Pattern></PTZAbility></DecviceAbility>
