<?xml version="1.0" encoding="UTF-8"?>
<DecviceAbility version="2.0"><BasicCapability version="2.0"><HardwareCapability><HardwareVersion>0x0</HardwareVersion><AlarmInPortNum>8</AlarmInPortNum><AlarmOutPortNum>4</AlarmOutPortNum><NetworkPortNum>1</NetworkPortNum><ResetSupport>1</ResetSupport><ZoneNum><localZoneNo min="0" max="7"/></ZoneNum><sirenNo min="1" max="1"/><TriggerNum><localTriggerNo min="0" max="3"/></TriggerNum></HardwareCapability><SoftwareCapability><SADPVersion>0</SADPVersion><MaxLoginNum>16</MaxLoginNum><NotSupportInputOutputConfigFile>1</NotSupportInputOutputConfigFile><NeedReboot><RestoreConfig>2</RestoreConfig></NeedReboot></SoftwareCapability></BasicCapability><UserAbility version="2.0"><userNum>16</userNum><userNameLength min="1" max="32"/><userPasswordLength min="1" max="16"/><UserNet><IPV4Address>true</IPV4Address><IPV6Address>true</IPV6Address><MACAddress>true</MACAddress></UserNet><AlarmhostPermission><netUserNo min="1" max="16"/><userPriority opt="admin,manage,operater"/><AdminPermissionType opt="arm,disarm,bypass,log,reboot,setConfig,getConfig,resume,siren,alarmout,serialControl, controlLocalOut"/><ManagerPermissionType opt="arm,disarm,bypass,log,setConfig,getConfig,siren,alarmout,serialControl, controlLocalOut"/><OperaterPermissionType opt="arm,disarm,bypass,log,setConfig,getConfig,siren,alarmout,serialControl, controlLocalOut"/></AlarmhostPermission></UserAbility><NetAppAbility version="2.0"><Net><NetworkInterface><networkInterfaceNum>1</networkInterfaceNum><NetworkInterfaceEntry><id>1</id><type opt="10M/100M/1000M-adapt"/><MTU min="1500" max="1500"/></NetworkInterfaceEntry></NetworkInterface></Net></NetAppAbility><AlarmHostAbility version="2.0"><keyboardNo min="1" max="8"/><operatorUserNo min="1" max="200"/><operatorPasswordLen min="2" max="5"/><operatorPassword opt="0,1,2,3,4,5,6,7,8,9"/><installerNo min="0" max="0"/><installerPasswordLen min="1" max="6"/><installerPassword opt="0,1,2,3,4,5,6,7,8,9"/><Zone><ZoneConfig><enabled>true</enabled><detectorType opt="panicButton,magneticContact,smokeDetector,activeInfraredDetector,passiveInfraredDetector,glassBreakDetector,vibrationDetector,dualTechnologyPirDetector,tripleTechnologyPirDetector,humidityDetector,temperatureDetector,combustibleGasDetector,otherDetect"/><zoneType opt="instantZone, 24hourAudibleZone,delayZone,interiorWithDelayZone,keyswitchZone, supervisedFireZone,24hourSlientZone,disable"/><sensitivity opt="10ms,250ms,500ms,750ms"/><arrayBypass>true</arrayBypass></ZoneConfig><ZoneGroupBypass><enabled>true</enabled></ZoneGroupBypass></Zone><Trigger><TriggerConfig><enabled>true</enabled><outputDelay min="0" max="5999"/></TriggerConfig><TriggerControl><enabled>true</enabled></TriggerControl></Trigger><assistantControl opt="siren"/><SirenConfig><enabled>true</enabled><outputDelay min="1" max="5999"/></SirenConfig><SearchMainStatus><enabled>true</enabled><mainStatusType opt="zoneAlarm, trigger, zoneBypass,subSystemArmed"/></SearchMainStatus><SearchOtherStatus><enabled>true</enabled><otherStatusType opt="siren"/></SearchOtherStatus><EnableConfig><enabled>true</enabled><enableType opt="siren"/></EnableConfig><SubSystem><subSystemNo opt="1,0xffffffff"/><SubSystemConfig><Part1Config><enterDelayTime min="10" max="150"/><exitDelayTime min="10" max="300"/></Part1Config></SubSystemConfig><subSystemArmType opt="armAway"/><SubSystemDisarm><enabled>true</enabled></SubSystemDisarm><SubSystemClearAlarm><enabled>true</enabled></SubSystemClearAlarm></SubSystem><telModuleNo min="1" max="2"/><DialConfig><PhoneCenterParameter><centerPhoneNumberLength min="0" max="32"/><centerPhoneNumber opt="0,1,2,3,4,5,6,7,8,9,a,b,c,d,e,f,A,B,C,D,E,F"/><repeatCall min="0" max="32"/><pstnTransMode opt="DTMF 5/S,DTMF 10/S"/><receiveID opt="0,1,2,3,4,5,6,7,8,9,a,b,c,d,e,f,A,B,C,D,E,F"/><receiveIDLength min="4" max="4"/></PhoneCenterParameter><reportPeried min="1" max="168"/><firstReportTime min="1" max="3600"/><reportEnable>true</reportEnable></DialConfig><GPRSModuleNo min="1" max="2"/><WirelessNetworkConfig><NetParameter><reportProtocol opt="NAL2300"/><deviceIDLength min="6" max="6"/><deviceID opt="0,1,2,3,4,5,6,7,8,9,a,b,c,d,e,f,A,B,C,D,E,F"/></NetParameter><APNName>true</APNName><APNUserName>true</APNUserName><APNPassword>true</APNPassword><reconnectTime min="1" max="30"/><overTime min="1" max="254"/><detectLinkTime min="1" max="30"/><SIMNumberLength min="11" max="11"/></WirelessNetworkConfig><netModuleNo min="1" max="2"/><NetworkConfig><NetParameter><reportProtocol opt="NAL2300"/><deviceIDLength min="6" max="6"/><deviceID opt="0,1,2,3,4,5,6,7,8,9,a,b,c,d,e,f,A,B,C,D,E,F"/></NetParameter></NetworkConfig><centerGroupNo min="1" max="6"/><ReportModeConfig><enabled>true</enabled></ReportModeConfig><BatteryVoltage><enabled>true</enabled></BatteryVoltage><AlarmHostLog><enabled>true</enabled></AlarmHostLog></AlarmHostAbility></DecviceAbility>
